Quote,Character,Anime
"People's lives don't end when they die, it ends when they lose faith.",Itachi Uchiha,Naruto
"If you don't take risks, you can't create a future!",Monkey D Luffy,One Piece
"If you don't like your destiny, don't accept it.",Naruto Uzumaki,Naruto
"When you give up, that's when the game ends.",Mitsuyoshi Anzai,Slam Dunk
"All we can do is live until the day we die. Control what we can, and fly free.",Deneil Young,Uchuu Kyoudai or Space Brothers
"Forgetting is like a wound. The wound may heal, but it has already left a scar.",Monkey D Luffy,One Piece
It's just pathetic to give up on something before you even give it a shot.‚Äù,Reiko Mikami,Another
"If you don't share someone's pain, you can never understand them.",Nagato,Naruto
"Whatever you lose, you'll find it again. But what you throw away you'll never get back.",Himura Kenshin,Rurouni Kenshin
We don't have to know what tomorrow holds! That's why we can live for everything we're worth today!‚Äù,Natsu Dragneel,Fairy Tail
Why should I apologize for being a monster? Has anyone ever apologized for turning me into one?,Juuzou Suzuya,Tokyo Ghoul
People become stronger because they have memories they can't forget.,Tsunade,Naruto
I'll leave tomorrow's problems to tomorrow's me.,Saitama,One Punch Man
"If you want to make people dream, you've got to start by believing in that dream yourself!",Seiya Kanie,Amagi Brilliant Park
Being lonely is more painful than getting hurt.,Monkey D Luffy,One Piece
There's no shame in falling down! The true shame is to not stand up again!,Shintar Midorima,Kuroko No Basket
Simplicity is the easiest path to true beauty.,Seishuu Handa,Barakamon
"If you can't do something, then don't. Focus on what you can.",Shiroe,Log Horizon
"Giving up kills people. When people reject giving up, they finally win the right to transcend humanity.",Alucard,Hellsing
"You can die anytime, but living takes true courage. ‚Äù",Kenshin Himura,Rurouni Kenshin: Meiji Kenkaku Romantan
Every journey begins with a single step. We just have to have patience.,Milly Thompson,Trigun
It doesn't do any good to pretend you can't see what's going on.,Yuuya Mochizuki,Another
Being weak is nothing to be ashamed of; staying weak is!,Fuegoleon Vermillion,Black Clover
Acting is not necessarily compassion. True compassion sometimes comes from inaction.,Hinata Miyake,A Place Further than the Universe
A dropout will beat a genius through hard work.,Rock Lee,Naruto
Reject common sense to make the impossible possible.,Simon,Tengen Toppa Gurren Lagann
"Whatever you lose, you'll find it again. But what you throw away, you'll never get back.",Kenshin Himura,Rurouni Kenshin: Meiji Kenkaku Romantan
"If you really want to be strong, stop caring about what your surroundings think of you!",Saitama,One Punch Man
Vision is not what your eyes see but an image that your brain comprehends.,Touko Aozaki,The Garden of Sinners Kara no Ky kai
"Sometimes, people are just mean. Don't fight mean with mean. Hold your head high.",Hinata Miyake,A Place Further than the Universe
The ticket to the future is always open.,Vash The Stampede,Trigun
Hard work is worthless for those who don't believe in themselves.,Naruto Uzumaki,Naruto
A place where someone still thinks about you is a place you can call home.,Jiraiya,Naruto
Life comes at a cost. Wouldn't it be arrogant to die before you've repaid that debt?,Yuuji Kazami,The Fruit of Grisaia Gurizaia no Kajitsu
"You can die anytime, but living takes true courage.",Himura Kenshin,Rurouni Kenshin
Every journey begins with a single step. We just have to have patience.,Milly Thompson,Trigun
"If you just submit yourself to fate, then that's the end of it. ‚Äù",Keiichi Maebara,Higurashi When They Cry
It is at the moment of death that humanity has value.,Archer,Fate Series
People who can't throw something important away can never hope to change anything.,Armin Arlert,Shingeki no Kyojin Attack on Titan
"Whatever you do, enjoy it to the fullest. That is the secret of life. ‚Äù",Rider,Fate Zero
"Power comes in response to a need, not a desire. You have to create that need.",Goku,Dragon Ball Z
"There are no regrets. If one can be proud of one's life, one should not wish for another chance. ‚Äù",Saber,Fate Stay Night
"You can't always hold on to the things that are important. By letting them go, we gain something else. ‚Äù",Kunio Yaobi,Tamako Market
"If you don't like your destiny, don't accept it. Instead, have the courage to change it the way you want it to be.",Naruto Uzumaki,Naruto
"Don't beg for things. Do it yourself, or else you won't get anything.",Renton Thurston,Eureka Seven
I refuse to let my fear control me anymore. ‚Äù,Maka Albarn,Soul Eater
"If you can't find a reason to fight, then you shouldn't be fighting. ‚Äù",Akame,Akame Ga Kill
"You should never give up on life, no matter how you feel. No matter how badly you want to give up, ‚Äù",Canaan,Naruto
People who can't throw something important away can never hope to change anything.,Armin Arlelt,Attack on Titan
We can't waste time worrying about the what-ifs. ‚Äù,Ichigo Kurosaki,Bleach
Fools who don't respect the past are likely to repeat it.,Nico Robin,One Piece
That's why I can't make a change. Everything I do is so half-assed. ‚Äù,Hiroshi Kido,Barakamon
Sometimes it's necessary to do unnecessary things.,Kanade Jinguuji,Best Student Council
An excellent leader must be passionate because it's their duty to keep everyone moving forward.,Nico Yazawa,Love Live
Protecting someone means giving them a place to belong. Giving them a place where they can be happy.,Princess Lenessia,Log Horizon
Thinking you're no good and worthless is the worst thing you can do.,Nobito,Doraemon
"Sometimes I do feel like a failure. Like there's no hope for me. But even so, I'm not going to give up. Ever! ‚Äù",Izuku Midoriya,My Hero Academia
"If you can't do something, then don't. Focus on what you can do. ‚Äù",Shiroe,Log Horizon
"When you lose sight of your path, listen for the destination in your heart.",Allen Walker,D Gray Man
"The moment you think of giving up, think of the reason why you held on so long.‚Äù",Natsu Dragneel,Fairy Tail
"Don‚Äôt give up, there‚Äôs no shame in falling down! True shame is to not stand up again!",Shintaro Midorima,Kuroko No Basket
"No matter how hard or impossible it is, never lose sight of your goal.‚Äù",Monkey D Luffy,One Piece
"Life is not a game of luck. If you wanna win, work hard.",Sora,No Game No Life
"The world isn‚Äôt perfect. But it‚Äôs there for us, doing the best it can‚Ä¶.that‚Äôs what makes it so damn beautiful.",Roy Mustang,Full Metal Alchemist
"Fear is not evil. It tells you what your weakness is. And once you know your weakness, you can become stronger as well as kinder.",Gildarts Clive,Fairy Tail
To know sorrow is not terrifying. What is terrifying is to know you can‚Äôt go back to happiness you could have.,Matsumoto Rangiku,Bleach
Knowing you‚Äôre different is only the beginning. If you accept these differences you‚Äôll be able to get past them and grow even closer.,Miss Kobayashi,Dragon Maid
"Don‚Äôt be so quick to throw away your life. No matter how disgraceful or embarrassing it may be, you need to keep struggling to find your way out until the very end.",Clare,Claymore
"The world‚Äôs not perfect, but it‚Äôs there for us trying the best it can. That‚Äôs what makes it so damn beautiful.",Roy Mustang,Full Metal Alchemist
"We are all like fireworks: we climb, we shine and always go our separate ways and become further apart. But even when that time comes, let‚Äôs not disappear like a firework and continue to shine.. forever.",Hitsugaya Toshiro,Bleach
"If nobody cares to accept you and wants you in this world, accept yourself and you will see that you don‚Äôt need them and their selfish ideas.",Alibaba Saluja,Magi
"When you hit the point of no return, that‚Äôs the moment it truly becomes a journey. If you can still turn back, it‚Äôs not really a journey.",Hinata Miyake,A Place Further than the Universe
"Those who stand at the top determine what‚Äôs wrong and what‚Äôs right! This very place is neutral ground! Justice will prevail, you say? But of course it will! Whoever wins this war becomes justice!",Don Quixote Doflamingo,One Piece
"A person grows up when he‚Äôs able to overcome hardships. Protection is important, but there are some things that a person must learn on his own.",Jiraiya,Naruto
"Who decides limits? And based on what? You said you worked hard? Well, maybe you need to work a little harder. Is that really the limit of your strength? Could you of tomorrow beat you today? Instead of giving in, move forward.",Saitama,One Punch Man
"Mistakes are not shackles that halt one from stepping forward. Rather, they are that which sustain and grow one‚Äôs heart.",Mavis Vermillion,Fairy Tail
"Fear is freedom! Subjugation is liberation! Contradiction is the truth! Those are the facts of this world! And you will all surrender to them, you pigs in human clothing!",Satsuki Kiryuuin,Kill la Kill
Hatred and Sorrow are power. They are yours to control. All you have to do is to turn them into strength and use that strength to move forward.,Sebastian Michaelis,Black Butler Kuroshitsuji
"It‚Äôs not always possible to do what we want to do, but it‚Äôs important to believe in something before you actually do it.",Might Guy,Naruto
"Life and death are like light and shadow. They‚Äôre both always there. But people don‚Äôt like thinking about death, so subconsciously, they always look away from it.",Yato,Noragami
It‚Äôs more important to master the cards you‚Äôre holding than to complain about the ones your opponent was dealt.‚Äù,Grimsley,Pokemon
I am the hope of the universe. I am the answer to all living things that cry out for peace. I am the protector of the innocent. I am the light in the darkness. I am the truth. Ally to good! Nightmare to you!,Son Goku,Dragon Ball Z
"If you‚Äôre gonna insist on gambling and then complain when you lose, you had better work on your game.‚Äù",Hatsu Kominato,Selector Infected Wixoss
Moving on doesn‚Äôt mean you forget about things. It just means you have to accept what‚Äôs happened and continue living.,Erza Scarlet,Fairy Tail
"If nobody cares to accept you and wants you in this world, accept yourself and you will see that you don‚Äôt need them and their selfish ideas.",Alibaba Saluja,Universal Warriors
"If you keep on hiding your true feelings, who is going to be happy? If you are sad, you should say it out loud!",Haruhi Fujioka,Ouran High School Host Club
"Religion, ideology, resources, land, spite, love or just because‚Ä¶ No matter how pathetic the reason, it‚Äôs enough to start a war. War will never cease to exist‚Ä¶ reasons can be thought up after the fact‚Ä¶ Human nature pursues strife.",Paine,Naruto Shippuden
"Don‚Äôt be upset because of what you can‚Äôt do. Do what you do best, live as carefree and optimistically as you can, because some people aren‚Äôt able to do that.",Keima Katsuragi,The World God Only Knows
"If you begin to regret, you‚Äôll dull your future decisions and let others make your choices for you. All that‚Äôs left for you then is to die. Nobody can foretell the outcome. Each decision you make holds meaning only by affecting your next decision.",Erwin Smith,Attack on Titan
"Everything has a beginning and an end. Life is just a cycle of starts and stops. There are ends we don‚Äôt desire, but they‚Äôre inevitable, we have to face them. It‚Äôs what being human is all about.",Jet Black,Cowboy Bebop
"Anything can happen. No one ever thinks it will until it does. What will happen, happens. That‚Äôs how the world is. The most important thing is to not let the tragedy defeat you. To believe that you can get through it.",Kyousuke Natsume,Little Busters
"You‚Äôll only realize that you truly love someone if they already caused you enormous pain. Your enemies can never hurt you the way your loved ones can. It‚Äôs the people close to your heart that can give you the most piercing wound. Love is a double-edged sword, it can heal the wound faster or it can sink the blade even deeper.",Himura Kenshin,Rurouni Kenshin
"I want you to be happy. I want you to laugh a lot. I don‚Äôt know what exactly I‚Äôll be able to do for you, but I‚Äôll always be by your side.",Kagome,InuYasha
"‚ÄúA lesson without pain is meaningless. That‚Äôs because no one can gain without sacrificing something. But by enduring that pain and overcoming it, he shall obtain a powerful, unmatched heart.‚Äù",Edward Elric ,Fullmetal Alchemist: Brotherhood
You need to accept the fact that you‚Äôre not the best and have all the will to strive to be better than anyone you face.,Roronoa Zoro,One Piece
"I too will obtain everything that I desire. Not because someone asked me to do it, but because I know in my heart that I have something worth fighting for.",Julis Alexia Van Riessfeld,Asterisk War
You can‚Äôt win a game by doing nothing. And if someone else wins it for you then you haven‚Äôt accomplished anything. Life is the same way.,Junichirou Kagami,Denpa Kyoushi
"Do not think about other things, there is only one thing you can do. So master that one thing. Do not forget. What you must imagine is always that you, yourself, are the strongest. You do not need outside enemies. For you, the one you have to fight is none other than your own image.",Archer,Fate Stay Night
"Life is like a tube of toothpaste. When you‚Äôve used all the toothpaste down to the last squeeze, that‚Äôs when you‚Äôve really lived. Live with all your might, and struggle as long as you have life.‚Äù",Mion Sonozaki,Higurashi
"Just like¬†games, no matter how well you have things lined up in your life, there‚Äôs always something to keep you on your toes.",Junichirou Kagami,Denpa Kyoushi
Do exactly as you like. That is the true meaning of pleasure. Pleasure leads to joy and joy leads to happiness.,Gilgamesh,Fate Zero
It Doesn t Matter How Strong The Opposition Is It Doesn t Matter How Fearsome The World Is It Doesn t Matter How Cruel The World Is Fight,Eren,Attack on Titan
If There Are Humans Who Can Bring About Change They re Those Who Are Capable Of Abandoning Everything People Who When Required To Surpass Even Monsters Are Capable Of Tossing Aside Their Very Humanity,Armin Arlert,Attack on Titan
I Don t Like The Terms Good Person or Bad Person It Is Impossible To Be Entirely Good To Everyone To Some You Are A Good Person While To Others You Are A Bad Person,Armin Arlert,Attack on Titan
As Long As We Continue To Fight We Are Not Defeated,Miche Zacharius,Attack on Titan
If You Win You Live If You Lose You Die If You Don t Fight You Can t Win,Eren,Attack on Titan
You Understand Don t You One Day Or Another Everyone You Care About Eventually Dies It s Something We Simply Can t Accept It s A Realization That Could Drive You Insane,Hange¬†Zo√´,Attack on Titan
You re Gonna Care What Other People Think And Be Someone You re Not Your Whole Life You re Fine As You Are So Talk In Your Own Words,Ymir,Attack on Titan
Everyone Had To Be Drunk On Somethin To Keep Pushing On Everyone Was A Slave To Somethin,Kenny Ackerman,Attack on Titan
This World Is Cruel And It s Also Very Beautiful,Mikasa,Attack on Titan
No One Knows What The Outcome Will Be So Choose Whatever You ll Regret The Least,Levi Ackerman,Attack on Titan
Do you need a reason to not want to lose,Shoyo Hinata,Haikyuu
Being the best decoy ever is as cool as being the ace,Tobio Kageyama,Haikyuu
You can fly even higher,Tobio Kageyama,Haikyuu
If they adjust to me I have to adjust in turn Whoever stops adjusting won t be able to continue forward,Tobio Kageyama,Haikyuu
The last ones standing are the victors Only the strongest If you want to be the last one standing become strong,Tobio Kageyama,Haikyuu
Life s a bore if you don t challenge yourself,Yuu Nishinoya,Haikyuu
There are some flowers you only see when you take detours,Tanaka Saeko,Haikyuu
Being weak means that there is room to grow,Ittetsu Takeda,Haikyuu
Today might be the chance to grasp the chance to let your talent bloom,Tooru Oikawa,Haikyuu
If you re gonna hit it hit it until it breaks,Tooru Oikawa,Haikyuu
"Ninjas Are Revolting, They Stole My Idea. I'll Have To Kill Them Now",Hiei,YuYu Hakusho
A Poor Choice Seals Our Fate,Kurama,YuYu Hakusho
"In Addition To Knowing The Secrets Of The Universe, I Can Assure You I Am Quite Potty Trained",Koenma,YuYu Hakusho
Underestimating An Opponent Is The First Step Towards Defeat,Kurama,YuYu Hakusho
No Human Is Ever A One-Man Show,Genkai,YuYu Hakusho
"Nothing Worse Than Being Strong, But Not Strong Enough",Sensui,YuYu Hakusho
You Can't End A Good Party Without Someone On The Floor,Yusuke,YuYu Hakusho
"We All Have To Die When Our Time Comes, But If We Do Our Duty, We Don't Got Regret",Kuwabara,YuYu Hakusho
"If the heroes run and hide, who will stay and fight?",Saitama,One punch man
If this is the path you choose to walkÖ I will not interfere.,Genos,One punch man
"You are calm and intelligent, but youth can invite disaster. Do not fight alone",Dr Kuseno,One punch man
This world is unfair. Justice and evil are decided by others,Garou,One punch man
"A hero must be tough, strong and beautiful",Sweet mask,One punch man
"You are too young to worry about failure. In a pinch, just muddle through. The outcome wonít change, so thatís best",Bang,One punch man
All are slaves to labor!! The rich grow fatÖ While the poor die!,Hammerhead,One punch man
"No matter how many people you may lose, you have no choice but to go on living",Tanjiro,Demon slayer
"Those who regretted their own actions, I would never trample over them. Because demons were once human too. Just like me, they were human too",Tanjiro,Demon slayer
All you did was memorize a fact. Your body has no clue what it needs to do,Sabito,Demon slayer
It's not about going first. It's about the overall flow,Inosuke,Demon slayer
"Donít ever give up. Even if itís painful, even if itís agonizing, donít try to take the easy way out",Zenitsu,Demon slayer
The only true fear is the fear of the unknown.,Gon Freecss,Hunter x Hunter
"If you don't like your destiny, don't accept it. Instead, have the courage to change it the way you want it to be.",Naruto Uzumaki,Naruto
"I want you to be happy. I want you to laugh a lot. I don't know what exactly I'll be able to do for you, but I'll always be by your side.",Kagome Higurashi,Inuyasha
Being strong isn't just about physical strength. It's about having the willpower to keep going even when you feel like giving up.,Edward Elric,Full Metal Alchemist
You don't need a reason to help people.,Yuuji Itadori,Jujutsu Kaisen
"No matter how far apart we are, we're still connected by the memories we share.",Mafuyu Sato,Given
"To move forward, we have to accept our past mistakes and learn from them.",Ryouhei Haizaki,Skate-Leading Stars
"In order to gain something, you must first be willing to lose something.",Kumoko,"So I'm a Spider, So What?"
"Even if we have different opinions, we can still work together to achieve a common goal.",Raku Ichijo,Nisekoi
"It's not the destination that matters, it's the journey to get there.",Hikari Kokura,Rifle is Beautiful
"Life is not just about living, it's about finding your own purpose and reason for existence.",Zero Two,Darling in the Franxx
"It's not about how many times you fail, it's about how many times you get back up and try again.",Satoru Gojo,Jujutsu Kaisen
"Even if you don't have the power to change everything, you can still change something.",Anne Takamaki,Persona 5 the Animation
"The past may haunt us, but it doesn't define who we are.",Sakura Adachi,Wonder Egg Priority
We all have the power to change ourselves and become better people.,Hajime Nagumo,Arifureta: From Commonplace to World's Strongest
There's no shame in taking the time to heal and recover from your past.,Adachi,Adachi and Shimamura
"It's not about how much power you have, it's about how you use it.",Yusuke Urameshi,YuYu Hakusho
"A true hero isn't measured by the size of his strength, but by the strength of his heart.",Zeus,Saint Seiya: The Lost Canvas
"Strength isn't just about physical prowess, it's also about the strength of your will.",Saitama,One Punch Man
The only limit to our realization of tomorrow will be our doubts of today.,Franklin D. Roosevelt,Fairy Tail
We don't know what kind of people we truly are until the moment before our deaths.,Mash Kyrielight,Fate/Grand Order: Zettai Majuu Sensen Babylonia
"The world isn't perfect. But it's there for us, trying the best it can. That's what makes it so damn beautiful.",Roy Mustang,Fullmetal Alchemist: Brotherhood
The only way to get stronger is to keep playing against tougher opponents.,Hanamichi Sakuragi,Slam Dunk
You can't win without a fighting spirit.,Rukawa Kaede,Slam Dunk
There are things you can only learn from playing basketball.,Mitsui Hisashi,Slam Dunk
Basketball is a team sport. You can't win on your own.,Takenori Akagi,Slam Dunk
I'm not talented. I just worked harder than anyone else.,Sakuragi Hanamichi,Slam Dunk
I'll never give up until I've given everything I've got.,Tsubasa Ozora,Captain Tsubasa
The field is where I belong.,Tsubasa Ozora,Captain Tsubasa
Football is a game of imagination.,Kojirou Hyuuga,Captain Tsubasa
The real match starts now.,Taro Misaki,Captain Tsubasa
The strength of a team lies in its unity.,Genzo Wakabayashi,Captain Tsubasa
"It's not about winning or losing, it's about how you play the game.",Roberto Hongo,Captain Tsubasa
The greatest moments in life are the ones that are shared.,Tsubasa Ozora,Captain Tsubasa
Victory isn't everything. It's the effort you put in that really counts.,Shun Mitaka,Captain Tsubasa
A true champion is someone who never gives up.,Karl-Heinz Schneider,Captain Tsubasa
"It's not about the size of the dog in the fight, it's about the size of the fight in the dog.",Tsubasa Ozora,Captain Tsubasa
There are no shortcuts to success.,Roberto Hongo,Captain Tsubasa
"Believe in yourself and your dreams, and anything is possible.",Tsubasa Ozora,Captain Tsubasa
"The only way to improve is to practice, practice, practice.",Genzo Wakabayashi,Captain Tsubasa
Never let fear stop you from reaching your goals.,Tsubasa Ozora,Captain Tsubasa
The strongest team is the one with the strongest bond.,Jun Misugi,Captain Tsubasa
Hard work beats talent when talent doesn't work hard.,Ryo Ishizaki,Captain Tsubasa
"In battle, the strongest one wins.",Aiolia,Saint Seiya
"Protect your ideals, your beliefs, your friends.",Pegasus Seiya,Saint Seiya
The strongest bonds are forged in battle.,Dragon Shiryu,Saint Seiya
A true warrior never gives up.,Cygnus Hyoga,Saint Seiya
A true saint never backs down from a challenge.,Andromeda Shun,Saint Seiya
The ultimate power lies within oneself.,Phoenix Ikki,Saint Seiya
"Fight for what you believe in, no matter the odds.",Athena,Saint Seiya
"Our strength lies not in our powers, but in our will.",Kyouko Kirigiri,Kill la Kill
Sometimes you have to fight fire with fire.,Ryuko Matoi,Kill la Kill
The only way to truly know someone is to fight them.,Satsuki Kiryuin,Kill la Kill
Strength comes from overcoming challenges.,Mako Mankanshoku,Kill la Kill
The only limit is the one you set for yourself.,Senketsu,Kill la Kill
Don't let anyone else control your destiny.,Nui Harime,Kill la Kill
The power of friendship can overcome any obstacle.,Nonon Jakuzure,Kill la Kill
The only way to achieve true freedom is to fight for it.,Ira Gamagoori,Kill la Kill
"Believe in yourself, and you can achieve anything.",Aikuro Mikisugi,Kill la Kill
The only way to gain true power is to take it for yourself.,Ragyo Kiryuin,Kill la Kill
"We must always strive for progress, no matter the cost.",Tsumugu Kinagase,Kill la Kill
We must learn to embrace our imperfections.,Nudist Beach,Kill la Kill
The true power of fashion lies in its ability to transform us.,Rei Hououmaru,Kill la Kill
We must never forget the sacrifices of those who came before us.,Barazo Mankanshoku,Kill la Kill
The game of volleyball is a game of height.,Kei Tsukishima,Haikyuu
A true ace is someone who can carry the team on their back.,Tobio Kageyama,Haikyuu
The strongest weapon in volleyball is the mind.,Tadashi Yamaguchi,Haikyuu
A setter's job is to make everyone around them shine.,Kenma Kozume,Haikyuu
"In volleyball, a strong defense is just as important as a strong offense.",Yu Nishinoya,Haikyuu
Sometimes you have to lose to learn how to win.,Shoyo Hinata,Haikyuu
The key to victory is to never give up.,Daichi Sawamura,Haikyuu
Volleyball is a game of mistakes. Whoever makes the least mistakes wins.,Ittetsu Takeda,Haikyuu
"In volleyball, you're only as good as your weakest player.",Asahi Azumane,Haikyuu
The power of a team is greater than the sum of its parts.,Kiyoko Shimizu,Haikyuu
Volleyball is a game of momentum. Whoever seizes it first usually wins.,Tetsuro Kuroo,Haikyuu
There's no such thing as a sure win in volleyball.,Wakatoshi Ushijima,Haikyuu
A team can only succeed if everyone is working towards the same goal.,Hitoka Yachi,Haikyuu
"In volleyball, a single block can change the course of a game.",Lev Haiba,Haikyuu
A true captain is someone who leads by example.,Keishin Ukai,Haikyuu
Volleyball is a sport where you're constantly pushing yourself to the limit.,Yui Michimiya,Haikyuu
"In volleyball, every point counts.",Kaname Moniwa,Haikyuu
A true rival is someone who brings out the best in you.,Tsutomu Goshiki,Haikyuu
"In volleyball, you have to learn to trust your teammates.",Chikara Ennoshita,Haikyuu
Volleyball is a game of strategy as much as it is a game of physical ability.,Hajime Iwaizumi,Haikyuu
"In volleyball, you have to be able to adapt to any situation.",Koshi Sugawara,Haikyuu
A true volleyball player is someone who loves the game more than anything else.,Ryunosuke Tanaka,Haikyuu
"In volleyball, you have to be able to put your body on the line for your team.",Takanobu Aone,Haikyuu
A true coach is someone who knows when to push their players and when to support them.,Ittetsu Takeda,Haikyuu
"In volleyball, every player has their own role to play.",Michimiya Yui,Haikyuu
A true volleyball player is someone who never stops striving to improve.,Kotaro Bokuto,Haikyuu
"In volleyball, a true victory is one where everyone gives it their all.",Haruki Komi,Haikyuu
Being strong on the outside means nothing if you're weak on the inside.,Yusuke Urameshi,YuYu Hakusho
"If you don't make a choice, nothing changes.",Keiko Yukimura,YuYu Hakusho
"There's no such thing as a perfect human, but there's always a way to become a better one.",Kurama,YuYu Hakusho
The strongest power of all is the power to protect the ones you love.,Hiei,YuYu Hakusho
"The true test of strength is not in how much you can destroy, but in how much you can protect.",Genkai,YuYu Hakusho
You don't have to be alone in your struggles. That's why friends are there for you.,Kuwabara,YuYu Hakusho
The past doesn't define who you are. It's what you do in the present that matters.,Shuichi Minamino/Kurama,YuYu Hakusho
It's not about winning or losing. It's about giving it your all until the very end.,Jin,YuYu Hakusho
The biggest mistake you can make is to underestimate your opponent.,Rinku,YuYu Hakusho
"Sometimes, it's not about being the strongest. It's about having the strongest will.",Toguro,YuYu Hakusho
The only way to truly understand someone is to see things from their perspective.,Koenma,YuYu Hakusho
"Life is a journey, and sometimes the journey is the reward.",Botan,YuYu Hakusho
"No matter how hard things get, you can always find a way to overcome them.",Atsuko Urameshi,YuYu Hakusho
"True courage is not the absence of fear, but the willingness to face it head on.",Yukina,YuYu Hakusho
Strength is not just physical. It's also mental and emotional.,Risho,YuYu Hakusho
"You can't change the past, but you can always change the future.",Puu,YuYu Hakusho
You don't have to fight alone. Friends are there to help you through the tough times.,Kayko,YuYu Hakusho
Even the most unlikely of friendships can bloom into something beautiful.,Jorge Saotome,YuYu Hakusho
"In order to move forward, you have to let go of the past.",Yukina,YuYu Hakusho
The greatest strength is the strength to forgive.,Shizuru Kuwabara,YuYu Hakusho
The true power of friendship lies in the ability to inspire each other to be the best version of ourselves.,Kurama,YuYu Hakusho
"Strength comes in many forms, and true strength is being able to recognize and respect them all.",Genkai,YuYu Hakusho
The best way to deal with fear is to face it head on.,Yusuke Urameshi,YuYu Hakusho
The best way to show respect is to treat everyone as an equal.,Kurama,YuYu Hakusho
"A child born into this world is like a blank sheet of paper. It is up to us, the parents, to write on that paper.",Kenzo Tenma,Monster
The things that happen in life are like a game of chess. Everything that happens is like a move on the board.,Johan Liebert,Monster
The world is not as simple as good and evil. It's more complicated than that.,Wolfgang Grimmer,Monster
There are times when you have to make a choice. You have to choose between what is right and what is easy.,Kenzo Tenma,Monster
Sometimes the truth can be more terrifying than any lie.,Dieter,Monster
"Happiness can be found in the smallest of things, but it can also be taken away just as easily.",Eva Heinemann,Monster
The only thing necessary for the triumph of evil is for good men to do nothing.,Abraham,Monster
"The past may be painful, but it's what makes us who we are today.",Kenzo Tenma,Monster
People don't change. They just become more of who they really are.,Johan Liebert,Monster
The greatest danger lies in the human mind.,Heinrich Lunge,Monster
Sometimes the hardest part of living is simply surviving.,Tenma's Mother,Monster
"The world is a stage, and we are all just actors playing our parts.",Johan Liebert,Monster
No one can escape their past. It is a part of who we are.,Richard Braun,Monster
"Sometimes, the ones we trust the most are the ones who can hurt us the most.",Nina Fortner/Anna Liebert,Monster
"You can't change what has already happened, but you can change the way you think about it.",Tenma's Father,Monster
Justice is not about revenge. It's about protecting the innocent.,Kenzo Tenma,Monster
"The true test of one's character is not how much they can endure, but how they treat others.",Grimmer,Monster
"No matter how much you try to hide from the truth, it will always find a way to catch up with you.",Johan Liebert,Monster
"The greatest mystery in life is not who we are, but why we are.",Roberto,Monster
There are some things that cannot be explained by reason or logic. Some things just are.,Wolfgang Grimmer,Monster
"The line between good and evil is a fine one. It's easy to cross over, but hard to come back.",Heinrich Lunge,Monster
The things we fear the most are the things we don't understand.,Eva Heinemann,Monster
Sometimes the ones who seem the strongest are the ones who are suffering the most.,Dieter,Monster
"The truth can be a double-edged sword. It can set you free, but it can also destroy you.",Johan Liebert,Monster
"In the end, we are all just human. We all have our flaws and weaknesses.",Kenzo Tenma,Monster
"The greatest tragedy in life is not death, but the things we allow to die inside us while we live.",Johan Liebert,Monster
The Clow Cards have always existed to protect this world.,Kerberos,Sakura Cardcaptor
I don't think that anyone can help you but yourself.,Tomoyo Daidouji,Sakura Cardcaptor
I don't want any regrets. I want to do everything I can while I'm still in elementary school.,Sakura Kinomoto,Sakura Cardcaptor
Everything has a reason. You just have to find out what that reason is.,Yukito Tsukishiro,Sakura Cardcaptor
The key to solving a problem is to take the first step.,Syaoran Li,Sakura Cardcaptor
Believing in yourself is the first step to success.,Sakura Kinomoto,Sakura Cardcaptor
"Even if I forget about it, the memories will still be with me.",Sakura Kinomoto,Sakura Cardcaptor
"The power of the Clow is strong, but the power of love is stronger.",Tomoyo Daidouji,Sakura Cardcaptor
"You can't always control what happens to you, but you can control how you react to it.",Sakura Kinomoto,Sakura Cardcaptor
"When you have something important to protect, that's when you become truly strong.",Syaoran Li,Sakura Cardcaptor
The best way to deal with fear is to face it head-on.,Sakura Kinomoto,Sakura Cardcaptor
"If you try your best, you can do anything.",Keroberos,Sakura Cardcaptor
Sometimes you have to take a step back to move forward.,Tomoyo Daidouji,Sakura Cardcaptor
"It's important to follow your heart, even if it goes against what everyone else is saying.",Sakura Kinomoto,Sakura Cardcaptor
The things that are most important to us are the things we can't see.,Yukito Tsukishiro,Sakura Cardcaptor
"Even if I'm not strong enough now, I can become stronger.",Sakura Kinomoto,Sakura Cardcaptor
"We're all connected, even if we're far apart.",Syaoran Li,Sakura Cardcaptor
The power of friendship is stronger than any magic.,Tomoyo Daidouji,Sakura Cardcaptor
You don't need magic to change the world. You just need to believe in yourself.,Sakura Kinomoto,Sakura Cardcaptor
The world is full of surprises. You just have to be open to them.,Keroberos,Sakura Cardcaptor
The most important thing in life is to never give up.,Sakura Kinomoto,Sakura Cardcaptor
Sometimes the things we're looking for are right in front of us.,Yukito Tsukishiro,Sakura Cardcaptor
"The world is a beautiful place, full of wonder and mystery.",Tomoyo Daidouji,Sakura Cardcaptor
"It's not about how you start, it's about how you finish.",Syaoran Li,Sakura Cardcaptor
The power of imagination is stronger than any magic.,Sakura Kinomoto,Sakura Cardcaptor
Life is full of surprises. It's what makes it interesting.,Keroberos,Sakura Cardcaptor
Love and peace!,Vash the Stampede,Trigun
Fools who don't respect the past are doomed to repeat it.,Rem Saverem,Trigun
"I'm not a hero, I'm just a man who's good at killing.",Vash the Stampede,Trigun
A man's dream will never die!,Millions Knives,Trigun
"If there's one thing I learned in life, it's to never give up on what you believe in.",Vash the Stampede,Trigun
Humans are strong because we can change ourselves.,Nicholas D. Wolfwood,Trigun
"Don't ever think of giving up. Winners never quit, and quitters never win.",Vash the Stampede,Trigun
There are things you can't protect without fighting.,Milly Thompson,Trigun
It's better to regret doing something than regret not doing it.,Vash the Stampede,Trigun
The true enemy lies within.,Nicholas D. Wolfwood,Trigun
"Even if the world turns its back on you, you can't give up on yourself.",Vash the Stampede,Trigun
Violence only begets violence. It's a never-ending cycle.,Rem Saverem,Trigun
"The future is always uncertain, but that's what makes life interesting.",Vash the Stampede,Trigun
"Don't try to be a hero. Be yourself, and that's enough.",Nicholas D. Wolfwood,Trigun
"It's not about the destination, it's about the journey.",Vash the Stampede,Trigun
"People have the power to change their fate, but only if they believe in themselves.",Rem Saverem,Trigun
The most important thing in life is to cherish the people you care about.,Vash the Stampede,Trigun
The world isn't black and white. There are shades of gray everywhere.,Nicholas D. Wolfwood,Trigun
"The past is important, but it's not everything. We have to move forward.",Vash the Stampede,Trigun
The only way to find true happiness is to make others happy.,Milly Thompson,Trigun
The strongest weapon in the world is the human soul.,Nicholas D. Wolfwood,Trigun
There's always a chance to change things for the better.,Vash the Stampede,Trigun
"The world may be cruel, but it's also beautiful.",Rem Saverem,Trigun
Sometimes the only way to win is to break the rules.,Vash the Stampede,Trigun
We have to accept the bad things in life along with the good.,Milly Thompson,Trigun
You can't judge someone based on their appearance or their past.,Nicholas D. Wolfwood,Trigun
The greatest thing about life is the ability to choose your own path.,Vash the Stampede,Trigun
"We can't control the actions of others, but we can control our own.",Rem Saverem,Trigun
"I, Giorno Giovanna, have a dream.",Giorno Giovanna,Jojo's Bizarre Adventure: Golden Wind
Your next line is...,Joseph Joestar,Jojo's Bizarre Adventure: Stardust Crusaders
Muda muda muda!,Dio Brando,Jojo's Bizarre Adventure
I refuse.,Jotaro Kujo,Jojo's Bizarre Adventure: Stardust Crusaders
Kono Dio da!,Jonathan Joestar,Jojo's Bizarre Adventure
"You thought your first kiss would be Jojo, but it was me, Dio!",Dio Brando,Jojo's Bizarre Adventure
Gureito daze.,Giorno Giovanna,Jojo's Bizarre Adventure: Golden Wind
Ora ora ora!,Jotaro Kujo,Jojo's Bizarre Adventure
"Your stand may be invincible, but you sure aren't.",Giorno Giovanna,Jojo's Bizarre Adventure: Golden Wind
"Do you understand, the feeling of standing above all others?",Dio Brando,Jojo's Bizarre Adventure
Yare yare daze.,Jotaro Kujo,Jojo's Bizarre Adventure
My heart and actions are utterly unclouded. They are all those of justice.,Funny Valentine,Jojo's Bizarre Adventure: Steel Ball Run
It's useless to rely on anyone else. Memories and feelings are all we have to go on.,Jotaro Kujo,Jojo's Bizarre Adventure: Stardust Crusaders
"Next you'll say, 'But your Stand is powerless!'",Enrico Pucci,Jojo's Bizarre Adventure: Stone Ocean
Don't underestimate my hair!,Josuke Higashikata,Jojo's Bizarre Adventure: Diamond is Unbreakable
"As long as I'm breathing, I'll keep fighting.",Jonathan Joestar,Jojo's Bizarre Adventure
I'm not a gentleman. I'm a gang-star.,Bruno Bucciarati,Jojo's Bizarre Adventure: Golden Wind
"The longer you live, the more you realize that reality is just made of pain, suffering, and emptiness.",Yoshikage Kira,Jojo's Bizarre Adventure: Diamond is Unbreakable
I'm going to fix that spaghetti.,Guido Mista,Jojo's Bizarre Adventure: Golden Wind
It's not enough to simply rely on one's talent.,Rohan Kishibe,Jojo's Bizarre Adventure: Diamond is Unbreakable
"A stand is not a mere projection of your soul, but rather a reflection of your very character.",Enrico Pucci,Jojo's Bizarre Adventure: Stone Ocean
"You dare to oppose me, the great DIO?",Dio Brando,Jojo's Bizarre Adventure
I'm not a hero. I'm just a regular guy who likes to punch things.,Josuke Higashikata,Jojo's Bizarre Adventure: Diamond is Unbreakable
You can never predict what kind of fate will befall you.,Giorno Giovanna,Jojo's Bizarre Adventure: Golden Wind
I don't care about fortune and power. What I want is strength!,Gon Freecss,Hunter x Hunter
You should enjoy the little detours. To the fullest. Because that's where you'll find the things more important than what you want.,Ging Freecss,Hunter x Hunter
The only thing we're allowed to do is believe. We can't change anything.,Killua Zoldyck,Hunter x Hunter
I won't run away anymore... I won't go back on my word... that is my ninja way!,Killua Zoldyck,Hunter x Hunter
"When you realize your own worth, you'll find it harder to stay around people who don't.",Kurapika,Hunter x Hunter
I'm going to take the Hunter Exam and become a Hunter. It's my dream!,Gon Freecss,Hunter x Hunter
It's only natural for someone who's weak to act strong.,Hisoka Morow,Hunter x Hunter
"Fear is not evil. It tells you what your weakness is. And once you know your weakness, you can become stronger.",Gildarts Clive,Hunter x Hunter
I want to have the strength to overcome any obstacle that comes my way.,Gon Freecss,Hunter x Hunter
It's not about winning or losing. It's about whether or not you fought.,Gon Freecss,Hunter x Hunter
I'm not afraid of dying. I'm afraid of not living long enough.,Meruem,Hunter x Hunter
"Power comes in response to a need, not a desire.",Netero,Hunter x Hunter
Sometimes the things that matter the most are right in front of you.,Gon Freecss,Hunter x Hunter
I hate saying goodbye to someone when I still want to say so much more.,Killua Zoldyck,Hunter x Hunter
"I don't care what you want to be, what you should be, what you have to be. Just be yourself and live.",Killua Zoldyck,Hunter x Hunter
Don't live your life making up excuses. The world is full of possibilities.,Gon Freecss,Hunter x Hunter
A lesson without pain is meaningless.,Killua Zoldyck,Hunter x Hunter
"The strongest people aren't always the ones who win, but the ones who don't give up when they lose.",Gon Freecss,Hunter x Hunter
It's the small steps forward that count.,Killua Zoldyck,Hunter x Hunter
The best way to learn is through experience.,Biscuit Krueger,Hunter x Hunter
"Sometimes, the best defense is a good offense.",Knuckle Bine,Hunter x Hunter
"The most important thing about training is not what you do, but how you do it.",Wing,Hunter x Hunter
"In order to grow, you must be willing to endure change.",Biscuit Krueger,Hunter x Hunter
The only thing we're allowed to do is to believe. We can't change anything.,Meruem,Hunter x Hunter
"A true friend is someone who accepts your past, supports your present, and encourages your future.",Killua Zoldyck,Hunter x Hunter
The only thing we're allowed to do is believe. We can't change anything.,Kaneki Ken,Tokyo Ghoul
"The act of taking is equally evil. We, from the moment of birth, continue to take. Food, connections, even fellow blood. Living to utmost limit, walking to that death... That's the moment we stand at the border.",Yoshimura,Tokyo Ghoul
It's better to be hurt than to hurt others. Nice people can be happy with just that.,Kaneki Ken,Tokyo Ghoul
What is this? Is this the feeling of having a friend?,Hinami Fueguchi,Tokyo Ghoul
Power is not will. It is the phenomenon of physically making things happen.,Tsukiyama Shuu,Tokyo Ghoul
"If you were to write a story with me in the lead role, it would certainly be a tragedy.",Kaneki Ken,Tokyo Ghoul
"I'd like to live for myself, but it's too late now.",Touka Kirishima,Tokyo Ghoul
It's better to be hurt than to hurt others. I will remember that.,Kaneki Ken,Tokyo Ghoul
"If you can't find a reason to fight, then you shouldn't be fighting.",Akira Mado,Tokyo Ghoul
"If I can't be my own self, then I don't want a body at all.",Kaneki Ken,Tokyo Ghoul
I am not the protagonist of this story. You are.,Arima Kishou,Tokyo Ghoul
"As long as I am myself, I don't have to fear anyone.",Uta,Tokyo Ghoul
The thing that the act of murder and love share is that both are irreversible.,Tatara,Tokyo Ghoul
How many times must I prove myself before being accepted as the real deal?,Kaneki Ken,Tokyo Ghoul
I'm not wrong. It's the world that's wrong.,Kaneki Ken,Tokyo Ghoul
"I want you to understand something. No matter who you are or what you do, you're going to die someday.",Juuzou Suzuya,Tokyo Ghoul
The only reason why people fight is because they have something to protect.,Touka Kirishima,Tokyo Ghoul
"No matter how deep the night, it always turns into day, eventually.",Kaneki Ken,Tokyo Ghoul
"The world is twisted, but you can't just run away from it.",Touka Kirishima,Tokyo Ghoul
What's the point in living if I have to pretend to be someone else?,Kaneki Ken,Tokyo Ghoul
"My words may not be able to reach you, but my feelings surely will.",Hinami Fueguchi,Tokyo Ghoul
"I'll carry out my justice, even if it means becoming a villain.",Kureo Mado,Tokyo Ghoul
All the disadvantages in this world are due to the existence of ghouls.,Tsukiyama Shuu,Tokyo Ghoul
"In this world, there is no absolute justice or evil.",Kishou Arima,Tokyo Ghoul
The act of taking is a natural and irrevocable consequence.,Yoshimura,Tokyo Ghoul
Your name is...,Taki Tachibana,Kimi no Na Wa
I wanted to disappear. But you were the one who was disappearing.,Mitsuha Miyamizu,Kimi no Na Wa
"I'm always searching for something, for someone. This feeling has possessed me, I think, from that day... That day when the stars came falling.",Taki Tachibana,Kimi no Na Wa
"I never would have imagined that I'd be here, standing in your place.",Mitsuha Miyamizu,Kimi no Na Wa
"I wanted to tell you that wherever you may end up in this world, I will be searching for you.",Taki Tachibana,Kimi no Na Wa
"Once in a while, when I wake up, I find myself crying.",Mitsuha Miyamizu,Kimi no Na Wa
The days go on. They don't stop. It's the only thing that doesn't change. The days continue.,Taki Tachibana,Kimi no Na Wa
"If we meet each other, that's wonderful. It's something to be grateful for.",Mitsuha Miyamizu,Kimi no Na Wa
"The memories we shared will always be within me, and I will live on to keep them alive.",Taki Tachibana,Kimi no Na Wa
The town's scenery has changed. But you... you haven't changed at all.,Mitsuha Miyamizu,Kimi no Na Wa
I always feel like I'm searching for someone or something.,Taki Tachibana,Kimi no Na Wa
"I wanted to tell you that wherever you are, you're not alone.",Mitsuha Miyamizu,Kimi no Na Wa
"I don't care where I am, as long as we're together.",Taki Tachibana,Kimi no Na Wa
"I'm always searching for something, for someone. This feeling has possessed me, I think, from that day...",Mitsuha Miyamizu,Kimi no Na Wa
"You're a good person, aren't you? Then pretend you're a little happy. I can't bear to see you sad.",Taki Tachibana,Kimi no Na Wa
"If you don't like the world you're living in, then change it.",Mitsuha Miyamizu,Kimi no Na Wa
Maybe I wanted to meet you too much.,Taki Tachibana,Kimi no Na Wa
"I can't remember much about dreaming. But when I wake up, it feels like I've been to a strange, wondrous world.",Mitsuha Miyamizu,Kimi no Na Wa
I don't care if we're separated for a thousand years. I'll always love you.,Taki Tachibana,Kimi no Na Wa
It feels like I've been searching for something my entire life.,Mitsuha Miyamizu,Kimi no Na Wa
I wanted to disappear. But the way you looked at me... Your eyes were so warm. I felt like I was saved.,Mitsuha Miyamizu,Kimi no Na Wa
I have a bad feeling about this.,Various Characters,Star Wars: The Clone Wars
"Do, or do not. There is no try.",Yoda,Star Wars: The Clone Wars
A true heart should never be doubted.,Ahsoka Tano,Star Wars: The Clone Wars
You don't have to carry a sword to be powerful. Some leaders' strength is inspiring greatness in others.,PadmÈ Amidala,Star Wars: The Clone Wars
The future has many paths ñ choose wisely.,Qui-Gon Jinn,Star Wars: The Clone Wars
The force is strong with this one.,Darth Vader,Star Wars Rebels
"We fight for each other, we fight for those who cannot, and we fight for those who need it most.",Kanan Jarrus,Star Wars Rebels
"Belief is not a matter of choice, but of conviction.",Sabine Wren,Star Wars Rebels
Hope is not lost today... it is found.,Ahsoka Tano,Star Wars Rebels
"I'm not a fan of politics, but I'm a big fan of democracy.",Captain Rex,Star Wars: The Clone Wars
I find that answer vague and unconvincing.,K-2SO,Star Wars: The Clone Wars
"We are not defined by where we're from, but by who we love and who we aspire to be.",PadmÈ Amidala,Star Wars: The Clone Wars
You can't stop the change any more than you can stop the suns from setting.,Shmi Skywalker,Star Wars: The Clone Wars
"I never doubted you for a second. Wonderful rescue. In fact, you're probably the best ever.",C-3PO,Star Wars: The Clone Wars
Fear is a disease; hope is its only cure.,TCW Narrator,Star Wars: The Clone Wars
"It's not the size of the droid in the fight, it's the size of the fight in the droid.",Colonel Meebur Gascon,Star Wars: The Clone Wars
"The greatest power in the universe is not the Force, but rather, it is hope.",Chancellor Palpatine,Star Wars: The Clone Wars
Your focus determines your reality.,Qui-Gon Jinn,Star Wars: The Clone Wars
The challenge of hope is to overcome corruption.,Ahsoka Tano,Star Wars: The Clone Wars
"I don't know what's coming next, but I do know it's gonna be just like this: Hard, difficult, but worth it.",Hera Syndulla,Star Wars Rebels
The fear of loss is a path to the dark side.,Yoda,Star Wars: The Clone Wars
Revenge is not the Jedi way.,Obi-Wan Kenobi,Star Wars: The Clone Wars
"You have to trust in something, your gut, destiny, life, karma, whatever. This approach has never let me down.",Captain Rex,Star Wars: The Clone Wars
"Remember... the force will be with you, always.",Obi-Wan Kenobi,Star Wars: The Clone Wars
We are stronger together than we are alone.,Hera Syndulla,Star Wars Rebels
"I'm ready, I'm ready, I'm ready.",SpongeBob SquarePants,SpongeBob SquarePants
"Oh, tartar sauce!",SpongeBob SquarePants,SpongeBob SquarePants
"F is for fire that burns down the whole town, U is for Uranium... bombs, N is for no survivors!",Plankton,SpongeBob SquarePants
The best time to wear a striped sweater is all the time.,SpongeBob SquarePants,SpongeBob SquarePants
"I don't get it, Patrick. I always thought 'The Quickster' was cool.",SpongeBob SquarePants,SpongeBob SquarePants
"I'm a Goofy Goober, yeah!",SpongeBob SquarePants,SpongeBob SquarePants
"I wumbo, you wumbo, he, she, me wumbo.",Patrick Star,SpongeBob SquarePants
We should take Bikini Bottom and push it somewhere else!,Patrick Star,SpongeBob SquarePants
I'm ugly and I'm proud!,SpongeBob SquarePants,SpongeBob SquarePants
"Oh, boy. 3 am.",Squidward Tentacles,SpongeBob SquarePants
The inner machinations of my mind are an enigma.,Patrick Star,SpongeBob SquarePants
Once there was an ugly barnacle. He was so ugly that everyone died. The end.,SpongeBob SquarePants,SpongeBob SquarePants
I don't think Wumbo is a real word.,SpongeBob SquarePants,SpongeBob SquarePants
"Excuse me, sir. I hope my horrible ugliness won't be a distraction to you.",SpongeBob SquarePants,SpongeBob SquarePants
"I'm not just ready, I'm ready Freddy.",SpongeBob SquarePants,SpongeBob SquarePants
I'm a genius!,Patrick Star,SpongeBob SquarePants
Why must every eleven minutes of my life be filled with misery?,Squidward Tentacles,SpongeBob SquarePants
"I never thought it was such a bad little tree. It's not bad at all, really. Maybe it just needs a little love.",SpongeBob SquarePants,SpongeBob SquarePants
Is Mayonnaise an instrument?,Patrick Star,SpongeBob SquarePants
"Whoever's the owner of the white sedan, you left your lights on.",SpongeBob SquarePants,SpongeBob SquarePants
I'm not a crusty crab.,Squidward Tentacles,SpongeBob SquarePants
"Are you feeling it now, Mr. Krabs?",SpongeBob SquarePants,SpongeBob SquarePants
Tartar sauce!,SpongeBob SquarePants,SpongeBob SquarePants
I'll have you know that I stubbed by toe last week and only cried for 20 minutes.,Squidward Tentacles,SpongeBob SquarePants
"You like Krabby Patties, don't you, Squidward?",Mr. Krabs,SpongeBob SquarePants
The only thing we have to fear is fear itself. And spiders.,SpongeBob SquarePants,SpongeBob SquarePants
"I'm a fry cook, darn it! Not a doctor!",SpongeBob SquarePants,SpongeBob SquarePants
"Goodbye, everyone. I'll remember you all in therapy.",Plankton,SpongeBob SquarePants
"Oh, no! He's hot!",SpongeBob SquarePants,SpongeBob SquarePants
"I can't hear you, it's too dark in here!",Patrick Star,SpongeBob SquarePants
"Gary, I'm absorbing his blows like I'm made of some kind of spongy material.",SpongeBob SquarePants,SpongeBob SquarePants
I'm not a Krusty Krab.,Patrick Star,SpongeBob SquarePants
I can't believe I'm paying to see something I get on TV for free.,Squidward Tentacles,SpongeBob SquarePants
I'm not just a big fat meanie. I'm THE big fat meanie.,Squilliam Fancyson,SpongeBob SquarePants
